<?xml version="1.0" encoding="utf-8"?>
<Table>
   <Header>
      <Language>Tamil</Language>
      <Encoding>Unicode</Encoding>
      <Keyboard>Tamil Brahmi Inscript</Keyboard>
      <LCID>0449</LCID>
      <Author>NHM</Author>
      <Description>UNICODE is a 16-bit encoding designed by Unicode Consortium</Description>
   </Header>
   <Data>
      <Map>
         <Display>0021</Display>
         <Character>0021</Character>
         <Keys>21</Keys>
      </Map>
      <Map>
         <Display>0031</Display>
         <Character>0031</Character>
         <Keys>31</Keys>
      </Map>
      <Map>
         <Display>0040</Display>
         <Character>0040</Character>
         <Keys>40</Keys>
      </Map>
      <Map>
         <Display>0032</Display>
         <Character>0032</Character>
         <Keys>32</Keys>
      </Map>
      <Map>
         <Display>0023</Display>
         <Character>0023</Character>
         <Keys>23</Keys>
      </Map>
      <Map>
         <Display>0033</Display>
         <Character>0033</Character>
         <Keys>33</Keys>
      </Map>
      <Map>
         <Display>0024</Display>
         <Character>0024</Character>
         <Keys>24</Keys>
      </Map>
      <Map>
         <Display>0034</Display>
         <Character>0034</Character>
         <Keys>34</Keys>
      </Map>
      <Map>
         <Display>0025</Display>
         <Character>0025</Character>
         <Keys>25</Keys>
      </Map>
      <Map>
         <Display>0035</Display>
         <Character>0035</Character>
         <Keys>35</Keys>
      </Map>
      <Map>
         <Display>005E</Display>
         <Character>005E</Character>
         <Keys>5E</Keys>
      </Map>
      <Map>
         <Display>0036</Display>
         <Character>0036</Character>
         <Keys>36</Keys>
      </Map>
      <Map>
         <Display>D804DC13D804DC46D804DC31</Display>
         <Character>D804DC13D804DC46D804DC31</Character>
         <Keys>26</Keys>
      </Map>
      <Map>
         <Display>0037</Display>
         <Character>0037</Character>
         <Keys>37</Keys>
      </Map>
      <Map>
         <Display>0038</Display>
         <Character>0038</Character>
         <Keys>38</Keys>
      </Map>
      <Map>
         <Display>0028</Display>
         <Character>0028</Character>
         <Keys>28</Keys>
      </Map>
      <Map>
         <Display>0039</Display>
         <Character>0039</Character>
         <Keys>39</Keys>
      </Map>
      <Map>
         <Display>0029</Display>
         <Character>0029</Character>
         <Keys>29</Keys>
      </Map>
      <Map>
         <Display>0030</Display>
         <Character>0030</Character>
         <Keys>30</Keys>
      </Map>
      <Map>
         <Display>D804DC02</Display>
         <Character>D804DC02</Character>
         <Keys>5F</Keys>
      </Map>
      <Map>
         <Display>002D</Display>
         <Character>002D</Character>
         <Keys>2D</Keys>
      </Map>
      <Map>
         <Display>002B</Display>
         <Character>002B</Character>
         <Keys>2B</Keys>
      </Map>
      <Map>
         <Display>003D</Display>
         <Character>003D</Character>
         <Keys>3D</Keys>
      </Map>
      <Map>
         <Display>D804DC12</Display>
         <Character>D804DC12</Character>
         <Keys>51</Keys>
      </Map>
      <Map>
         <Display>D804DC45</Display>
         <Character>D804DC45</Character>
         <Keys>71</Keys>
      </Map>
      <Map>
         <Display>D804DC10</Display>
         <Character>D804DC10</Character>
         <Keys>57</Keys>
      </Map>
      <Map>
         <Display>D804DC43</Display>
         <Character>D804DC43</Character>
         <Keys>77</Keys>
      </Map>
      <Map>
         <Display>D804DC06</Display>
         <Character>D804DC06</Character>
         <Keys>45</Keys>
      </Map>
      <Map>
         <Display>D804DC38</Display>
         <Character>D804DC38</Character>
         <Keys>65</Keys>
      </Map>
      <Map>
         <Display>D804DC08</Display>
         <Character>D804DC08</Character>
         <Keys>52</Keys>
      </Map>
      <Map>
         <Display>D804DC3B</Display>
         <Character>D804DC3B</Character>
         <Keys>72</Keys>
      </Map>
      <Map>
         <Display>D804DC0A</Display>
         <Character>D804DC0A</Character>
         <Keys>54</Keys>
      </Map>
      <Map>
         <Display>D804DC3D</Display>
         <Character>D804DC3D</Character>
         <Keys>74</Keys>
      </Map>
      <Map>
         <Display>0059</Display>
         <Character>0059</Character>
         <Keys>59</Keys>
      </Map>
      <Map>
         <Display>0079</Display>
         <Character>0079</Character>
         <Keys>79</Keys>
      </Map>
      <Map>
         <Display>D804DC17</Display>
         <Character>D804DC17</Character>
         <Keys>55</Keys>
      </Map>
      <Map>
         <Display>D804DC33</Display>
         <Character>D804DC33</Character>
         <Keys>75</Keys>
      </Map>
      <Map>
         <Display>0049</Display>
         <Character>0049</Character>
         <Keys>49</Keys>
      </Map>
      <Map>
         <Display>0069</Display>
         <Character>0069</Character>
         <Keys>69</Keys>
      </Map>
      <Map>
         <Display>D804DC25</Display>
         <Character>D804DC25</Character>
         <Keys>4F</Keys>
      </Map>
      <Map>
         <Display>006F</Display>
         <Character>006F</Character>
         <Keys>6F</Keys>
      </Map>
      <Map>
         <Display>0050</Display>
         <Character>0050</Character>
         <Keys>50</Keys>
      </Map>
      <Map>
         <Display>D804DC1A</Display>
         <Character>D804DC1A</Character>
         <Keys>70</Keys>
      </Map>
      <Map>
         <Display>007B</Display>
         <Character>007B</Character>
         <Keys>7B</Keys>
      </Map>
      <Map>
         <Display>005B</Display>
         <Character>005B</Character>
         <Keys>5B</Keys>
      </Map>
      <Map>
         <Display>D804DC1C</Display>
         <Character>D804DC1C</Character>
         <Keys>7D</Keys>
      </Map>
      <Map>
         <Display>005D</Display>
         <Character>005D</Character>
         <Keys>5D</Keys>
      </Map>
      <Map>
         <Display>D804DC11</Display>
         <Character>D804DC11</Character>
         <Keys>41</Keys>
      </Map>
      <Map>
         <Display>D804DC44</Display>
         <Character>D804DC44</Character>
         <Keys>61</Keys>
      </Map>
      <Map>
         <Display>D804DC0F</Display>
         <Character>D804DC0F</Character>
         <Keys>53</Keys>
      </Map>
      <Map>
         <Display>D804DC42</Display>
         <Character>D804DC42</Character>
         <Keys>73</Keys>
      </Map>
      <Map>
         <Display>D804DC05</Display>
         <Character>D804DC05</Character>
         <Keys>44</Keys>
      </Map>
      <Map>
         <Display>D804DC46</Display>
         <Character>D804DC46</Character>
         <Keys>64</Keys>
      </Map>
      <Map>
         <Display>D804DC07</Display>
         <Character>D804DC07</Character>
         <Keys>46</Keys>
      </Map>
      <Map>
         <Display>D804DC3A</Display>
         <Character>D804DC3A</Character>
         <Keys>66</Keys>
      </Map>
      <Map>
         <Display>D804DC09</Display>
         <Character>D804DC09</Character>
         <Keys>47</Keys>
      </Map>
      <Map>
         <Display>D804DC3C</Display>
         <Character>D804DC3C</Character>
         <Keys>67</Keys>
      </Map>
      <Map>
         <Display>0048</Display>
         <Character>0048</Character>
         <Keys>48</Keys>
      </Map>
      <Map>
         <Display>D804DC27</Display>
         <Character>D804DC27</Character>
         <Keys>68</Keys>
      </Map>
      <Map>
         <Display>D804DC36</Display>
         <Character>D804DC36</Character>
         <Keys>4A</Keys>
      </Map>
      <Map>
         <Display>D804DC2D</Display>
         <Character>D804DC2D</Character>
         <Keys>6A</Keys>
      </Map>
      <Map>
         <Display>004B</Display>
         <Character>004B</Character>
         <Keys>4B</Keys>
      </Map>
      <Map>
         <Display>D804DC13</Display>
         <Character>D804DC13</Character>
         <Keys>6B</Keys>
      </Map>
      <Map>
         <Display>004C</Display>
         <Character>004C</Character>
         <Keys>4C</Keys>
      </Map>
      <Map>
         <Display>D804DC22</Display>
         <Character>D804DC22</Character>
         <Keys>6C</Keys>
      </Map>
      <Map>
         <Display>003A</Display>
         <Character>003A</Character>
         <Keys>3A</Keys>
      </Map>
      <Map>
         <Display>D804DC18</Display>
         <Character>D804DC18</Character>
         <Keys>3B</Keys>
      </Map>
      <Map>
         <Display>0022</Display>
         <Character>0022</Character>
         <Keys>22</Keys>
      </Map>
      <Map>
         <Display>D804DC1D</Display>
         <Character>D804DC1D</Character>
         <Keys>27</Keys>
      </Map>
      <Map>
         <Display>007C</Display>
         <Character>007C</Character>
         <Keys>7C</Keys>
      </Map>
      <Map>
         <Display>005C</Display>
         <Character>005C</Character>
         <Keys>5C</Keys>
      </Map>
      <Map>
         <Display>D804DC11D804DC46</Display>
         <Character>D804DC11D804DC46</Character>
         <Keys>7E</Keys>
      </Map>
      <Map>
         <Display>D804DC44D804DC46</Display>
         <Character>D804DC44D804DC46</Character>
         <Keys>60</Keys>
      </Map>
      <Map>
         <Display>D804DC0FD804DC46</Display>
         <Character>D804DC0FD804DC46</Character>
         <Keys>5A</Keys>
      </Map>
      <Map>
         <Display>D804DC42D804DC46</Display>
         <Character>D804DC42D804DC46</Character>
         <Keys>7A</Keys>
      </Map>
      <Map>
         <Display>0058</Display>
         <Character>0058</Character>
         <Keys>58</Keys>
      </Map>
      <Map>
         <Display>0078</Display>
         <Character>0078</Character>
         <Keys>78</Keys>
      </Map>
      <Map>
         <Display>D804DC21</Display>
         <Character>D804DC21</Character>
         <Keys>43</Keys>
      </Map>
      <Map>
         <Display>D804DC2B</Display>
         <Character>D804DC2B</Character>
         <Keys>63</Keys>
      </Map>
      <Map>
         <Display>D804DC37</Display>
         <Character>D804DC37</Character>
         <Keys>56</Keys>
      </Map>
      <Map>
         <Display>D804DC26</Display>
         <Character>D804DC26</Character>
         <Keys>76</Keys>
      </Map>
      <Map>
         <Display>D804DC35</Display>
         <Character>D804DC35</Character>
         <Keys>42</Keys>
      </Map>
      <Map>
         <Display>D804DC2F</Display>
         <Character>D804DC2F</Character>
         <Keys>62</Keys>
      </Map>
      <Map>
         <Display>D804DC34</Display>
         <Character>D804DC34</Character>
         <Keys>4E</Keys>
      </Map>
      <Map>
         <Display>D804DC2E</Display>
         <Character>D804DC2E</Character>
         <Keys>6E</Keys>
      </Map>
      <Map>
         <Display>D804DC30</Display>
         <Character>D804DC30</Character>
         <Keys>4D</Keys>
      </Map>
      <Map>
         <Display>D804DC32</Display>
         <Character>D804DC32</Character>
         <Keys>6D</Keys>
      </Map>
      <Map>
         <Display>D804DC31</Display>
         <Character>D804DC31</Character>
         <Keys>3C</Keys>
      </Map>
      <Map>
         <Display>002C</Display>
         <Character>002C</Character>
         <Keys>2C</Keys>
      </Map>
      <Map>
         <Display>003E</Display>
         <Character>003E</Character>
         <Keys>3E</Keys>
      </Map>
      <Map>
         <Display>002E</Display>
         <Character>002E</Character>
         <Keys>2E</Keys>
      </Map>
      <Map>
         <Display>D804DC2C</Display>
         <Character>D804DC2C</Character>
         <Keys>2F</Keys>
      </Map>
      <Map>
         <Display>D804DC30D804DC46D804DC2D</Display>
         <Character>D804DC30D804DC46D804DC2D</Character>
         <Keys>2A</Keys>
      </Map>
   </Data>
</Table>